{"offline_id": "20f0f91d4fb341d49b2d60f8cba0d429", "project_name": "yolov5", "start_time": 1713430227740, "stop_time": 1713430239141, "tags": [], "workspace": null, "resume_strategy": "create", "customer_error_reported": true, "customer_error_message": "Unexpected error detected in the user script: AssertionError('\\x1b[34m\\x1b[1mtrain: \\x1b[0mNo labels found in /home/student/Documents/code/AutomaticGuidewireDetection/data/NEWDATA/labels/train.cache, can not start training. See https://docs.ultralytics.com/yolov5/tutorials/train_custom_data')", "user_provided_experiment_key": false, "comet_start_sourced": false}